reporting_start,campaign_id,age,gender,interest1,interest2,interest3,impressions,clicks,spent,total_conversion,approved_conversion
Saturday,936,30,M,25,30,27,605,0,0,1,0
Saturday,936,30,M,26,32,29,1030,0,0,1,0
Sunday,936,30,M,36,38,38,962,0,0,1,0
Monday,936,35,M,23,24,27,239,0,0,1,0
Tuesday,936,35,M,26,27,28,591,0,0,1,0
Monday,936,40,M,36,37,41,834,0,0,1,0
Monday,936,45,M,19,24,20,371,0,0,1,0
Sunday,936,45,M,31,37,33,839,0,0,1,0
Monday,936,30,F,16,19,17,4010,0,0,1,0
Monday,936,30,F,18,20,20,1635,0,0,1,0
Monday,936,30,F,18,19,21,1631,0,0,1,0
Sunday,936,30,F,64,70,68,1554,0,0,1,0
Friday,936,35,F,64,65,68,1393,0,0,1,0
Saturday,936,40,F,7,10,12,648,0,0,1,0
Saturday,936,40,F,28,30,31,926,0,0,1,0
Friday,936,45,F,19,25,21,530,0,0,1,0
Friday,936,30,M,15,16,20,2522,0,0,1,0
Friday,936,30,M,16,17,17,3587,0,0,1,0
Friday,936,30,M,27,30,28,1273,0,0,1,0
Monday,936,30,M,29,34,34,1888,0,0,1,0
Monday,936,30,M,29,32,33,1895,0,0,1,0
Monday,936,35,M,7,10,11,715,0,0,1,0
Monday,936,40,M,10,11,11,1415,0,0,1,0
Sunday,936,30,F,23,29,28,523,0,0,1,0
Sunday,936,30,F,26,27,31,1873,0,0,1,0
Sunday,936,30,F,32,37,36,658,0,0,1,0
Sunday,936,30,F,64,70,68,1539,0,0,1,0
Sunday,936,40,F,21,23,24,542,0,0,1,0
Saturday,936,40,F,64,70,66,1338,0,0,1,0
Monday,936,45,F,19,20,23,529,0,0,1,0
Friday,936,30,M,10,12,11,1746,0,0,1,0
Sunday,936,35,M,16,17,19,2936,0,0,1,0
Monday,936,35,M,28,29,30,1032,0,0,1,0
Friday,936,45,M,20,22,21,673,0,0,1,0
Thursday,936,30,F,30,36,31,493,0,0,1,0
Friday,936,35,F,63,69,64,1238,0,0,1,0
Tuesday,936,30,M,10,14,16,3200,0,0,1,0
Monday,936,30,M,16,22,17,9982,0,0,1,0
Monday,936,30,M,15,16,16,7015,0,0,1,0
Wednesday,936,30,F,2,3,6,506,0,0,1,0
Tuesday,936,40,M,16,22,17,7745,0,0,1,0
Tuesday,936,45,M,21,23,26,1609,0,0,1,0
Wednesday,936,35,M,16,21,22,6260,0,0,1,0
Tuesday,936,35,M,16,19,21,6359,0,0,1,0
Friday,936,45,M,28,32,32,2479,0,0,1,0
Wednesday,936,40,M,16,18,17,7101,0,0,1,0
Wednesday,936,30,M,31,32,33,3279,0,0,1,0
Wednesday,936,30,M,31,36,36,3288,0,0,1,0
Monday,936,35,M,29,35,35,4595,0,0,1,0
Monday,936,30,M,29,34,32,4871,0,0,1,0
Monday,936,35,M,28,32,30,3199,0,0,1,0
Sunday,936,40,F,29,32,32,2755,0,0,1,0
Sunday,936,30,M,31,35,33,2214,0,0,1,0
Tuesday,936,30,M,29,35,30,4608,0,0,1,0
Tuesday,936,35,M,29,31,30,3732,0,0,1,0
Tuesday,936,30,M,26,28,29,1738,0,0,1,0
Tuesday,936,40,M,15,21,21,4414,0,0,1,0
Tuesday,936,45,M,65,68,69,1006,0,0,1,0
Tuesday,936,35,F,15,18,16,2459,0,0,1,0
Monday,936,35,M,10,13,16,2549,0,0,1,0
Monday,936,30,F,20,24,25,1961,0,0,1,0
Monday,936,30,F,22,24,25,2554,0,0,1,0
Thursday,936,30,F,28,34,34,2963,0,0,1,0
Thursday,936,45,F,10,13,13,3462,0,0,1,0
Friday,936,30,F,27,33,30,3745,0,0,1,0
Friday,936,30,F,24,26,28,830,0,0,1,0
Friday,936,45,F,18,24,22,2912,0,0,1,0
Friday,936,35,F,64,67,70,2755,0,0,1,0
Friday,936,30,M,63,65,68,2086,0,0,1,0
Friday,936,35,M,16,17,18,6016,0,0,1,0
Thursday,936,30,F,32,37,36,1772,0,0,1,0
Friday,936,30,F,32,38,34,1783,0,0,1,0
Saturday,936,45,F,21,27,23,1314,0,0,1,0
Sunday,936,30,F,20,26,21,1984,0,0,1,0
Monday,936,30,F,16,18,21,7301,0,0,1,0
Sunday,936,30,F,30,31,32,535,0,0,1,0
Saturday,936,30,M,29,34,30,3396,0,0,1,0
Saturday,936,30,M,26,27,32,977,0,0,1,0
Sunday,936,40,F,20,25,24,979,0,0,1,0
Friday,936,30,M,10,13,16,2499,0,0,1,0
Wednesday,936,30,M,15,17,19,4827,0,0,1,0
Wednesday,936,35,F,30,32,32,761,0,0,1,0
Tuesday,936,30,M,18,23,23,1120,0,0,1,0
Tuesday,936,30,M,16,20,19,3242,0,0,1,0
Wednesday,936,30,M,64,66,65,616,0,0,1,0
Saturday,936,45,M,15,19,18,818,0,0,1,0
Friday,936,30,M,21,27,25,351,0,0,1,0
Saturday,936,45,M,22,24,26,572,0,0,1,0
Saturday,936,30,M,30,35,36,219,0,0,1,0
Saturday,936,30,M,32,37,37,550,0,0,1,0
Friday,936,30,M,26,30,31,465,0,0,1,0
Wednesday,936,30,M,64,67,70,429,0,0,1,0
Friday,936,35,M,28,30,33,460,0,0,1,0
Friday,936,35,M,28,29,32,471,0,0,1,0
Friday,936,30,M,27,32,30,199,0,0,1,0
Tuesday,936,35,M,32,33,38,398,0,0,1,0
Saturday,936,45,M,36,38,40,255,0,0,1,0
Saturday,936,30,F,16,22,17,3189,0,0,1,0
Saturday,936,30,F,16,20,21,3348,0,0,1,0
Saturday,936,45,M,16,18,19,2254,0,0,1,0
Saturday,936,35,F,15,16,17,699,0,0,1,0
Saturday,936,35,F,10,12,13,1104,0,0,1,0
Monday,936,30,F,27,33,32,843,0,0,1,0
Tuesday,936,30,F,25,30,28,696,0,0,1,0
Monday,936,45,F,20,22,21,259,0,0,1,0
Monday,936,30,F,18,21,22,1134,0,0,1,0
Sunday,936,40,F,27,32,28,357,0,0,1,0
Monday,936,35,F,10,15,14,1107,0,0,1,0
Thursday,936,45,F,26,30,29,781,0,0,1,0
Thursday,936,35,F,16,17,22,2226,0,0,1,0
Friday,936,30,F,20,26,25,487,0,0,1,0
Tuesday,936,40,F,27,30,30,415,0,0,1,0
Thursday,916,30,M,20,25,22,693,0,0,1,0
Wednesday,916,30,M,31,37,34,1224,0,0,1,0
Tuesday,916,30,M,7,8,8,735,0,0,1,0
Tuesday,916,30,M,16,20,22,5117,0,0,1,0
Tuesday,916,30,M,16,19,21,5120,0,0,1,0
Friday,916,35,M,7,12,10,559,0,0,1,0
Friday,916,40,M,16,19,20,2861,0,0,1,0
Thursday,916,30,F,18,24,22,1473,0,0,1,0
Tuesday,916,30,F,27,33,32,1186,0,0,1,0
Saturday,916,30,F,63,64,68,1185,0,0,1,0
Saturday,916,45,F,19,25,23,292,0,0,1,0
Wednesday,1178,30,M,31,32,33,14289,0,0,1,0
Thursday,1178,30,M,66,67,69,10991,0,0,1,0
Tuesday,1178,35,M,26,28,27,7573,0,0,1,0
Tuesday,1178,35,M,29,31,35,9921,0,0,1,0
Monday,1178,40,M,21,27,22,7073,0,0,1,0
Thursday,916,30,M,15,16,17,15615,3,4.769999981,1,0
Thursday,916,30,M,27,31,31,2355,1,1.5,1,0
Wednesday,916,30,M,28,32,32,4259,1,1.25,1,0
Wednesday,916,30,M,28,32,31,9502,3,3.159999967,1,0
Wednesday,916,30,M,30,34,31,2305,1,0.569999993,1,0
Wednesday,916,35,M,15,16,17,4627,1,1.690000057,1,0
Thursday,916,35,M,15,17,19,7132,2,2.609999895,1,0
Friday,916,35,M,16,22,22,12190,2,3.049999952,1,0
Saturday,916,40,M,16,19,20,19113,4,5.5200001,1,0
Thursday,916,45,M,16,22,17,47224,12,15.82000017,1,0
Thursday,916,45,M,24,26,27,2283,1,1.470000029,1,0
Friday,916,30,F,15,19,16,5014,1,1.190000057,1,0
Friday,916,30,F,16,19,20,38726,7,9.220000267,1,0
Tuesday,916,30,F,15,19,17,5369,1,1.50999999,1,0
Saturday,916,30,F,65,70,68,13019,5,6.960000038,1,0
Sunday,916,35,F,25,29,26,2508,1,1.220000029,1,0
Sunday,916,35,F,20,26,23,2783,1,1.600000024,1,0
Saturday,916,45,F,63,67,65,17572,7,9.379999995,1,0
Saturday,936,30,M,15,19,17,13659,3,3.840000033,1,0
Tuesday,936,35,M,27,29,32,10332,4,5.75,1,0
Tuesday,936,35,M,28,29,31,8259,3,3.980000019,1,0
Tuesday,936,35,M,29,35,31,12158,3,4.449999928,1,0
Monday,936,45,M,29,30,35,10466,3,4.090000033,1,0
Monday,936,30,F,26,30,29,13479,3,4.25,1,0
Sunday,936,30,F,29,32,31,11803,3,4.440000057,1,0
Sunday,936,35,F,27,32,32,20277,6,8.050000072,1,0
Saturday,936,40,F,26,27,31,6907,2,2.349999964,1,0
Saturday,936,40,F,27,28,30,39035,13,19.32999957,1,0
Saturday,936,40,F,63,66,67,4412,1,1.450000048,1,0
Monday,936,40,F,64,65,66,9965,3,4.050000072,1,0
Monday,936,45,F,10,16,11,73634,23,32.97999978,1,0
Friday,936,45,F,15,17,17,69708,20,31.28999949,1,0
Friday,936,45,F,20,24,25,14257,6,8.789999962,1,0
Friday,936,45,F,27,29,33,12215,4,6.26000011,1,0
Friday,936,30,M,2,6,8,2338,1,0.239999995,1,0
Monday,936,30,M,28,29,29,3891,1,1.090000033,1,0
Monday,936,35,M,16,19,18,11199,2,2.680000067,1,0
Friday,936,35,M,63,64,66,5676,2,3.00999999,1,0
Monday,936,45,M,16,22,17,45401,10,14.06000042,1,0
Friday,936,45,M,18,19,24,4919,1,1.590000033,1,0
Sunday,936,30,F,16,21,22,17553,3,4.590000153,1,0
Sunday,936,30,F,20,26,24,3343,1,0.540000021,1,0
Monday,936,45,F,24,26,30,944,1,1.419999957,1,0
Friday,936,30,M,10,16,14,7208,2,3.190000057,1,0
Friday,936,30,M,16,22,20,12489,2,1.960000038,1,0
Friday,936,45,M,16,21,17,12186,2,2.669999957,1,0
Friday,936,30,F,16,21,20,25884,5,7.350000143,1,0
Friday,936,30,F,22,24,24,28488,10,9.340000033,1,0
Thursday,936,30,F,26,32,32,10126,3,4.619999886,1,0
Thursday,936,30,F,27,32,33,22572,5,8.5,1,0
Thursday,936,35,F,25,31,27,4868,2,2.420000076,1,0
Thursday,936,35,F,26,27,32,6585,2,2.950000048,1,0
Thursday,936,35,F,29,31,35,11182,4,4.449999809,1,0
Friday,936,40,F,16,19,18,34127,8,13.07000017,1,0
Saturday,936,40,F,16,18,21,38759,9,10.84999967,1,0
Saturday,936,45,F,15,16,17,18602,5,8.860000134,1,0
Sunday,936,45,F,16,18,21,25194,6,7.349999905,1,0
Sunday,936,45,F,16,22,18,78627,19,26.53000045,1,0
Saturday,936,45,F,27,31,32,9240,3,6.039999962,1,0
Friday,936,45,F,29,32,33,7706,2,2.369999886,1,0
Friday,936,45,F,16,21,20,119063,34,53.21999949,1,0
Saturday,936,45,F,16,19,20,452398,114,180.2200012,1,0
Saturday,936,45,F,10,12,16,191223,48,76.41000056,1,0
Saturday,936,45,F,10,15,14,22216,6,9.549999952,1,0
Wednesday,936,45,F,10,12,11,48291,11,18.01999998,1,0
Wednesday,936,40,F,63,66,67,27559,8,13.37,1,0
Monday,936,45,F,21,25,22,40126,16,25.86000001,1,0
Monday,936,30,M,16,21,20,16425,1,1.549999952,1,0
Monday,936,45,F,26,31,28,175389,55,81.60999787,1,0
Monday,936,45,F,65,71,67,70702,20,31.7099998,1,0
Monday,936,45,F,63,69,67,15105,3,4.25999999,1,0
Monday,936,30,F,15,16,19,8774,1,1.830000043,1,0
Monday,936,30,F,16,18,22,14459,1,1.389999986,1,0
Tuesday,936,30,F,16,17,18,21596,2,2.809999943,1,0
Tuesday,936,30,F,16,21,17,66765,8,11.04999971,1,0
Wednesday,936,30,F,10,13,14,26910,5,7.229999781,1,0
Wednesday,936,45,M,63,66,68,11988,3,4.269999862,1,0
Wednesday,936,40,M,29,35,33,10960,2,2.890000105,1,0
Wednesday,936,30,M,16,18,22,15466,1,0.970000029,1,0
Tuesday,936,30,M,16,18,22,27072,3,4.370000005,1,0
Tuesday,936,40,M,16,17,21,18709,2,3.319999933,1,0
Tuesday,936,40,M,23,26,27,2479,1,1.25999999,1,0
Tuesday,936,40,M,2,4,3,3812,2,3.049999952,1,0
Tuesday,936,40,M,10,14,16,12356,4,6.279999971,1,0
Wednesday,936,45,M,18,23,20,7410,1,1.210000038,1,0
Wednesday,936,45,M,16,20,19,140098,28,46.63000011,1,0
Tuesday,936,45,M,16,18,20,107021,20,34.44000012,1,0
Tuesday,936,35,M,36,38,40,2797,1,1.289999962,1,0
Tuesday,936,45,M,7,9,12,16461,6,9.21999979,1,0
Wednesday,936,40,M,63,66,69,17488,5,7.719999909,1,0
Wednesday,936,30,M,64,70,69,12729,4,5.779999852,1,0
Thursday,936,30,F,7,9,10,3989,1,1.279999971,1,0
Friday,936,40,M,24,26,27,3047,1,1.379999995,1,0
Thursday,936,45,M,29,34,32,19537,5,6.099999905,1,0
Wednesday,936,40,M,16,19,19,23769,4,6.029999852,1,0
Wednesday,936,30,M,20,26,23,4616,1,1.360000014,1,0
Monday,936,35,M,27,29,28,14615,4,6.050000191,1,0
Monday,936,30,M,26,30,32,15910,5,6.779999852,1,0
Monday,936,30,M,28,32,31,9388,2,3.140000105,1,0
Sunday,936,40,F,27,31,30,8152,1,0.99000001,1,0
Sunday,936,40,F,27,32,28,74542,19,34.1500001,1,0
Sunday,936,40,F,20,21,23,6699,2,3.090000033,1,0
Sunday,936,40,F,20,25,24,11911,4,3.959999919,1,0
Sunday,936,40,F,18,24,20,24188,5,8.179999828,1,0
Tuesday,936,40,F,22,23,25,10750,4,5.389999866,1,0
Wednesday,936,35,F,64,70,67,41785,14,19.10000038,1,0
Wednesday,936,35,F,63,65,65,5602,1,1.580000043,1,0
Tuesday,936,35,F,27,33,28,112460,25,41.29000068,1,0
Monday,936,35,F,30,35,36,14670,7,9.410000324,1,0
Monday,936,30,F,64,66,69,33144,9,13.40999985,1,0
Tuesday,936,45,M,64,68,70,4397,1,0.949999988,1,0
Tuesday,936,35,F,10,13,16,89527,24,32.28999996,1,0
Saturday,936,35,F,16,19,18,9730,1,1.379999995,1,0
Tuesday,936,30,F,16,21,20,27289,3,4.429999828,1,0
Tuesday,936,30,F,29,32,33,20409,4,3.829999924,1,0
Tuesday,936,30,F,29,32,34,8044,1,1.110000014,1,0
Tuesday,936,30,F,28,32,33,15645,4,5.349999905,1,0
Tuesday,936,45,M,7,13,9,9375,3,4.019999981,1,0
Tuesday,936,30,F,18,23,24,8469,2,3.089999914,1,0
Monday,936,35,M,16,17,21,25817,4,6.019999981,1,0
Monday,936,45,F,29,35,34,24542,7,9.329999924,1,0
Tuesday,936,30,F,64,65,68,13621,3,4.090000033,1,0
Thursday,936,45,F,18,23,22,17167,5,6.910000086,1,0
Thursday,936,30,F,22,25,25,24491,7,9.539999962,1,0
Wednesday,936,30,F,23,24,25,6469,2,1.309999943,1,0
Wednesday,936,30,F,21,27,26,4706,1,1.220000029,1,0
Wednesday,936,40,F,22,26,25,5794,2,2.269999981,1,0
Wednesday,936,40,F,18,24,22,4813,1,1.029999971,1,0
Wednesday,936,40,F,10,15,11,85285,26,36.13000035,1,0
Monday,936,40,F,10,11,13,5839,1,1.370000005,1,0
Monday,936,40,F,15,16,21,5859,1,1.539999962,1,0
Friday,936,40,F,16,22,19,164118,41,59.06999993,1,0
Friday,936,35,F,63,67,69,18234,6,7.810000062,1,0
Saturday,936,35,F,27,29,30,73676,20,28.5,1,0
Saturday,936,35,F,27,30,28,18421,7,10.07999992,1,0
Saturday,936,35,F,10,14,16,6424,1,0.529999971,1,0
Friday,936,35,M,15,21,20,6412,1,1.370000005,1,0
Thursday,936,30,F,63,68,64,5040,1,1.440000057,1,0
Friday,936,35,M,20,21,24,8200,3,3.919999957,1,0
Friday,936,45,F,26,28,30,115896,38,49.44000006,1,0
Sunday,936,30,M,18,21,21,6142,1,1.330000043,1,0
Sunday,936,30,M,24,30,29,9142,3,3.749999881,1,0
Monday,936,30,F,18,24,20,5704,1,1.320000052,1,0
Saturday,936,30,F,28,34,31,4783,1,0.860000014,1,0
Saturday,936,30,F,29,31,30,6475,1,1.350000024,1,0
Sunday,936,45,F,10,12,11,33664,11,12.51000035,1,0
Sunday,936,40,F,28,29,30,7337,3,4.079999924,1,0
Friday,936,40,F,27,33,30,11244,3,4.550000191,1,0
Wednesday,936,35,F,26,31,32,6532,1,1.610000014,1,0
Wednesday,936,40,F,10,16,15,11537,3,4.300000191,1,0
Wednesday,936,40,F,10,13,11,12183,3,2.869999945,1,0
Wednesday,936,30,M,10,12,13,4012,1,1.570000052,1,0
Tuesday,936,30,M,16,22,19,15720,1,1.379999995,1,0
Wednesday,936,45,M,16,22,22,5537,1,1.519999981,1,0
Saturday,936,45,M,21,25,25,1909,1,0.980000019,1,0
Saturday,936,40,M,36,41,40,1884,1,1.409999967,1,0
Friday,936,35,M,28,29,32,2633,1,1.070000052,1,0
Saturday,936,30,F,10,13,13,5517,1,1.230000019,1,0
Friday,936,30,F,64,70,69,3717,1,1.539999962,1,0
Sunday,936,30,F,28,31,32,2749,1,1.389999986,1,0
Monday,936,30,F,25,28,26,2983,1,0.970000029,1,0
Monday,936,45,F,16,17,21,20997,10,11.94999981,1,0
Monday,936,45,F,16,18,17,4617,1,1.360000014,1,0
Sunday,936,40,F,10,15,13,3149,1,1.480000019,1,0
Sunday,936,35,F,27,28,31,2563,1,1.480000019,1,0
Sunday,936,45,F,64,65,65,10677,5,7.269999981,1,0
Sunday,936,35,F,22,25,26,2189,1,0.409999996,1,0
Sunday,936,45,F,27,32,29,3277,2,2.680000067,1,0
Friday,936,45,F,10,12,13,5447,2,2.960000038,1,0
Tuesday,1178,30,M,15,18,18,30068,1,1.820000052,1,0
Sunday,1178,30,M,18,23,23,31349,2,3.800000072,1,0
Monday,1178,30,M,22,25,23,25002,1,1.710000038,1,0
Monday,1178,30,M,22,27,28,68905,5,9.440000057,1,0
Monday,1178,30,M,22,26,26,169588,16,27.79999924,1,0
Monday,1178,30,M,23,29,27,23198,2,2.980000019,1,0
Monday,1178,30,M,23,24,27,26890,2,3.24000001,1,0
Saturday,1178,30,M,25,27,28,50523,6,8.549999952,1,0
Sunday,1178,30,M,26,30,28,87935,9,15.63000023,1,0
Sunday,1178,30,M,26,28,29,209461,20,34.19000006,1,0
Tuesday,1178,30,M,27,31,29,283858,30,56.05999923,1,0
Wednesday,1178,30,M,28,34,33,38757,3,5.220000029,1,0
Wednesday,1178,30,M,30,32,31,223586,32,54.24000037,1,0
Tuesday,1178,30,M,30,31,34,41636,3,4.210000038,1,0
Tuesday,1178,30,M,31,37,35,64020,5,11.0599997,1,0
Tuesday,1178,30,M,32,34,36,57690,4,6.74000001,1,0
Sunday,1178,30,M,36,37,39,38900,3,5.580000043,1,0
Tuesday,1178,30,M,36,37,40,29185,2,3.149999976,1,0
Tuesday,1178,30,M,63,64,67,20423,1,1.960000038,1,0
Tuesday,1178,30,M,64,67,65,103001,14,22.32000005,1,0
Wednesday,1178,30,M,64,70,67,93015,12,18.47000015,1,0
Tuesday,1178,30,M,65,70,68,145398,23,36.24000025,1,0
Thursday,1178,30,M,66,68,70,175631,23,40.75999951,1,0
Thursday,1178,30,M,66,68,70,37187,4,6.370000005,1,0
Thursday,1178,35,M,10,14,13,98066,9,16.1500001,1,0
Thursday,1178,35,M,10,16,14,52553,5,8.529999852,1,0
Monday,1178,35,M,21,23,22,21743,2,3.400000095,1,0
Sunday,1178,35,M,23,28,28,64647,10,16.26999998,1,0
Sunday,1178,35,M,23,27,24,31265,4,5.789999902,1,0
Sunday,1178,35,M,23,26,27,223120,40,67.66999984,1,0
Monday,1178,35,M,23,29,27,104869,18,34.07000089,1,0
Sunday,1178,35,M,24,29,29,84194,11,19.56999981,1,0
Tuesday,1178,35,M,26,29,27,99961,14,23.2099998,1,0
Wednesday,1178,35,M,28,33,31,358987,52,87.55000067,1,0
Tuesday,1178,35,M,30,31,35,49422,6,11.17000031,1,0
Tuesday,1178,35,M,31,32,36,15513,1,1.289999962,1,0
Thursday,1178,35,M,64,68,70,24992,2,3.190000057,1,0
Wednesday,1178,35,M,7,10,9,28989,2,2.290000021,1,0
Thursday,1178,35,M,66,68,68,38580,5,8.519999981,1,0
Thursday,1178,40,M,16,22,22,315281,35,65.02999854,1,0
Thursday,1178,40,M,20,21,25,140596,23,40.77000022,1,0
Saturday,1178,40,M,22,24,24,180815,31,42.62999976,1,0
Saturday,1178,40,M,22,26,23,253169,51,75.78999984,1,0
Saturday,1178,40,M,23,25,26,51550,8,14.03999984,1,0
Saturday,1178,40,M,23,28,24,110018,24,39.85999966,1,0
Saturday,1178,40,M,24,28,30,137584,21,36.77999961,1,0
Saturday,1178,40,M,24,25,27,209825,30,54.86999953,1,0
Saturday,1178,40,M,26,30,31,31202,5,6.730000019,1,0
Friday,1178,40,M,27,31,30,56265,9,15.53999972,1,0
Friday,1178,40,M,29,32,33,214094,31,53.26999903,1,0
Monday,1178,40,M,36,38,37,59004,8,13.51000011,1,0
Monday,1178,40,M,36,40,39,196253,32,55.10000002,1,0
Sunday,1178,40,M,64,65,67,109289,19,31.02999997,1,0
Sunday,1178,40,M,2,6,3,32574,5,7.480000019,1,0
Sunday,1178,40,M,66,72,68,9773,1,1.460000038,1,0
Thursday,916,30,M,28,33,32,4133,1,1.289999962,1,1
Thursday,916,30,M,16,20,18,10951,1,1.269999981,1,1
Wednesday,916,30,M,20,26,23,14669,7,10.28000021,1,1
Friday,916,35,M,16,22,20,12193,2,3.059999943,1,1
Friday,916,35,M,29,33,32,7440,2,2.980000019,1,1
Saturday,916,40,M,16,21,21,10976,2,1.690000057,1,1
Friday,916,40,M,16,18,20,23817,7,8.470000148,1,1
Thursday,916,45,M,21,26,24,2182,1,1.529999971,1,1
Thursday,916,30,F,16,21,20,57665,14,18.06999969,1,1
Friday,916,30,F,32,37,38,3091,1,1.610000014,1,1
Sunday,916,30,F,29,33,31,22221,7,9.430000067,1,1
Sunday,916,35,F,27,31,29,5864,2,2.799999952,1,1
Sunday,916,45,F,10,16,11,11199,4,5.730000019,1,1
Friday,936,30,M,10,16,13,13329,4,5.629999995,1,1
Sunday,936,35,M,10,11,16,4423,1,1.460000038,1,1
Tuesday,936,35,M,16,19,19,12382,2,2.839999914,1,1
Tuesday,936,35,M,20,25,24,2938,1,1.350000024,1,1
Monday,936,30,F,10,13,13,5576,1,1.529999971,1,1
Monday,936,30,F,16,22,17,39337,7,10.03000009,1,1
Saturday,936,30,F,27,28,32,5453,1,1.389999986,1,1
Sunday,936,30,F,31,32,34,4259,1,1.570000052,1,1
Sunday,936,30,F,64,69,67,5323,1,1.289999962,1,1
Sunday,936,35,F,10,11,12,5024,1,1.409999967,1,1
Sunday,936,35,F,22,25,27,8504,3,3.340000093,1,1
Saturday,936,35,F,29,34,30,12403,4,5.210000038,1,1
Friday,936,45,F,27,30,30,20362,5,9.119999886,1,1
Monday,936,40,M,30,34,33,2148,1,1.580000043,1,1
Friday,936,45,M,18,23,20,7478,2,2.900000095,1,1
Sunday,936,30,F,27,29,32,34740,7,13.41000009,1,1
Sunday,936,35,F,31,36,36,3010,1,0.860000014,1,1
Saturday,936,40,F,10,16,12,27081,9,10.77000046,1,1
Saturday,936,40,F,18,20,24,21664,7,10.61999977,1,1
Saturday,936,40,F,19,21,20,9112,4,5.460000038,1,1
Saturday,936,45,F,10,16,12,46150,15,20.17999983,1,1
Monday,936,45,F,18,23,24,12956,4,5.49000001,1,1
Monday,936,35,M,15,16,18,4607,1,1.149999976,1,1
Monday,936,35,M,16,17,21,13355,2,3.180000067,1,1
Monday,936,35,M,22,25,25,2793,1,0.980000019,1,1
Monday,936,40,M,2,7,6,4016,2,1.480000049,1,1
Monday,936,40,M,16,20,17,14843,3,2.939999938,1,1
Monday,936,45,M,10,14,13,9674,3,4.600000024,1,1
Friday,936,30,F,10,14,13,31393,8,10.96000051,1,1
Friday,936,30,F,15,21,18,8410,2,2.359999895,1,1
Thursday,936,35,F,27,29,28,10164,2,3.720000029,1,1
Saturday,936,40,F,16,17,19,41720,10,12.06000006,1,1
Friday,936,45,F,31,34,32,7821,4,6.340000153,1,1
Monday,936,45,F,19,22,20,3659,1,0.49000001,1,1
Tuesday,936,45,F,29,30,31,7550,1,1.679999948,1,1
Tuesday,936,45,F,28,33,29,45397,15,25.41999936,1,1
Tuesday,936,30,M,16,22,22,23086,2,3.310000062,1,1
Monday,936,45,F,65,68,68,12706,3,4.98999989,1,1
Wednesday,936,45,M,64,69,65,19353,6,9.4799999,1,1
Tuesday,936,30,M,16,19,22,15753,1,0.569999993,1,1
Tuesday,936,40,M,19,21,24,3523,1,1.809999943,1,1
Tuesday,936,30,M,10,11,12,7966,1,1.179999948,1,1
Sunday,936,30,M,10,16,16,8213,1,1.379999995,1,1
Tuesday,936,45,M,20,22,26,10257,3,3.579999924,1,1
Wednesday,936,35,M,10,11,15,9750,2,1.5,1,1
Wednesday,936,45,M,63,67,67,4333,1,0.180000007,1,1
Wednesday,936,40,M,27,31,28,11292,3,5.389999866,1,1
Thursday,936,30,M,65,66,67,2883,1,0.99000001,1,1
Thursday,936,40,M,29,31,34,19603,4,5.279999971,1,1
Friday,936,35,M,24,27,30,3029,1,1.049999952,1,1
Friday,936,45,M,26,29,28,3490,1,1.340000033,1,1
Wednesday,936,35,M,64,69,68,4726,1,1.830000043,1,1
Monday,936,30,M,26,32,31,11735,3,4.529999971,1,1
Monday,936,35,M,29,33,35,11446,2,3.090000033,1,1
Sunday,936,40,M,29,35,33,10090,2,2.650000095,1,1
Monday,936,40,M,32,35,38,9735,4,4.130000114,1,1
Tuesday,936,30,M,29,33,35,7629,1,0.720000029,1,1
Wednesday,936,30,M,28,32,32,7453,1,1.679999948,1,1
Wednesday,936,35,M,27,32,30,8077,2,3.579999924,1,1
Wednesday,936,30,M,26,29,29,6184,2,2.75,1,1
Tuesday,936,35,F,15,20,18,7116,2,1.730000019,1,1
Tuesday,936,45,M,10,14,13,11611,3,3.950000048,1,1
Tuesday,936,30,F,32,37,34,4402,1,1.330000043,1,1
Tuesday,936,30,F,18,22,24,5823,1,1.419999957,1,1
Monday,936,30,F,25,27,26,4971,1,1.230000019,1,1
Thursday,936,30,F,29,33,35,9076,1,1.379999995,1,1
Thursday,936,30,F,29,33,34,20941,4,5.909999967,1,1
Wednesday,936,45,F,16,17,17,16053,3,4.079999924,1,1
Wednesday,936,45,F,16,21,21,54724,12,17.92999995,1,1
Wednesday,936,40,F,32,38,36,8316,3,4.569999933,1,1
Saturday,936,35,F,10,13,15,7449,1,1.639999986,1,1
Friday,936,35,F,16,17,22,10186,1,1.230000019,1,1
Friday,936,30,M,20,25,22,3385,1,1.440000057,1,1
Sunday,936,30,M,24,30,28,5475,2,2.730000019,1,1
Sunday,936,30,F,18,24,20,8254,2,2.320000052,1,1
Monday,936,30,F,16,19,21,37873,5,6.169999957,1,1
Saturday,936,40,F,63,64,66,12318,5,6.340000153,1,1
Sunday,936,45,F,16,18,19,104578,29,39.25000095,1,1
Wednesday,936,35,F,64,70,67,5912,1,1.559999943,1,1
Tuesday,936,40,M,20,21,23,2367,2,2.839999914,1,1
Saturday,936,40,M,10,11,15,2967,1,1.5,1,1
Saturday,936,45,M,16,20,21,5894,1,1.539999962,1,1
Friday,936,35,F,22,28,28,4621,2,3.25,1,1
Friday,936,35,F,16,22,17,5775,1,1.580000043,1,1
Monday,936,45,F,16,20,19,7589,2,3.150000095,1,1
Tuesday,936,45,F,20,23,23,2077,1,1.50999999,1,1
Friday,936,30,F,28,33,34,2764,1,1.559999943,1,1
Friday,936,40,F,16,17,17,28169,8,12.36999989,1,1
Saturday,1178,30,M,19,24,25,98759,15,26.56999946,1,1
Sunday,1178,30,M,24,29,28,88443,7,13.0400002,1,1
Tuesday,1178,30,M,32,36,35,22256,1,1.659999967,1,1
Tuesday,1178,30,M,36,42,42,53520,6,9.2299999,1,1
Wednesday,1178,35,M,15,17,19,180351,21,37.13000011,1,1
Wednesday,1178,35,M,16,17,20,94257,7,12.5800004,1,1
Wednesday,1178,35,M,18,20,24,140749,19,30.4799999,1,1
Monday,1178,35,M,22,24,26,108362,13,22.42999983,1,1
Sunday,1178,35,M,24,25,28,220581,31,57.37,1,1
Tuesday,1178,35,M,30,31,36,95691,15,25.26000011,1,1
Wednesday,1178,35,M,36,39,38,35088,5,8.800000072,1,1
Thursday,1178,35,M,63,66,69,20959,2,3.769999981,1,1
Wednesday,1178,35,M,64,67,69,65060,7,14.5200001,1,1
Wednesday,1178,35,M,2,8,7,85970,14,24.78000021,1,1
Wednesday,1178,35,M,7,9,13,131232,16,29.53999937,1,1
Wednesday,1178,35,M,7,13,9,152454,22,37.84999979,1,1
Thursday,1178,35,M,66,69,72,80248,15,24.1900003,1,1
Friday,1178,40,M,15,17,17,163181,26,40.02000093,1,1
Friday,1178,40,M,16,22,20,75589,6,10.66000009,1,1
Thursday,1178,40,M,19,20,24,42563,5,9.659999847,1,1
Saturday,1178,40,M,22,28,27,34453,5,7.710000038,1,1
Saturday,1178,40,M,25,27,31,264222,63,87.7899996,1,1
Saturday,1178,40,M,30,36,33,188873,38,58.5999999,1,1
Sunday,1178,40,M,31,33,32,77794,14,19.11000001,1,1
Monday,1178,40,M,32,33,37,56630,9,15.81000018,1,1
Monday,1178,40,M,63,64,66,51858,8,12.63000011,1,1
Monday,1178,40,M,64,69,70,63660,11,16.47000003,1,1
Sunday,1178,40,M,2,4,5,128595,23,36.4800005,1,1
Sunday,1178,40,M,66,67,67,33154,5,7.879999995,1,1
Thursday,916,30,M,29,30,30,1915,0,0,1,1
Wednesday,916,30,M,28,30,32,1241,0,0,1,1
Wednesday,916,30,M,31,34,33,1024,0,0,1,1
Thursday,916,35,M,15,21,20,1422,0,0,1,1
Friday,916,35,M,16,19,18,3332,0,0,1,1
Friday,916,40,M,15,18,20,1398,0,0,1,1
Thursday,916,30,F,16,19,19,2654,0,0,1,1
Friday,916,45,F,10,13,11,1448,0,0,1,1
Friday,936,30,M,10,16,14,1772,0,0,1,1
Saturday,936,30,M,21,23,24,739,0,0,1,1
Saturday,936,30,M,36,38,38,790,0,0,1,1
Saturday,936,35,F,32,33,34,498,0,0,1,1
Friday,936,35,F,63,65,69,1357,0,0,1,1
Saturday,936,40,F,21,26,25,708,0,0,1,1
Sunday,936,45,M,20,21,24,533,0,0,1,1
Sunday,936,45,M,29,33,33,1447,0,0,1,1
Saturday,936,40,F,30,34,33,402,0,0,1,1
Monday,936,30,M,21,24,24,472,0,0,1,1
Monday,936,30,M,64,68,65,792,0,0,1,1
Monday,936,35,M,29,35,33,1662,0,0,1,1
Friday,936,45,M,21,27,23,370,0,0,1,1
Thursday,936,45,M,26,30,29,450,0,0,1,1
Thursday,936,30,F,10,12,14,2077,0,0,1,1
Friday,936,30,F,21,24,23,608,0,0,1,1
Thursday,936,30,F,27,30,33,1955,0,0,1,1
Thursday,936,30,F,63,69,69,1491,0,0,1,1
Thursday,936,30,F,64,66,66,1495,0,0,1,1
Friday,936,45,F,64,67,68,1363,0,0,1,1
Friday,936,45,F,15,16,19,3569,0,0,1,1
Monday,936,45,F,23,27,29,1168,0,0,1,1
Wednesday,936,30,F,7,9,13,1369,0,0,1,1
Wednesday,936,30,M,16,19,22,8817,0,0,1,1
Tuesday,936,30,M,10,14,13,4132,0,0,1,1
Sunday,936,30,M,2,4,7,545,0,0,1,1
Wednesday,936,45,M,36,41,38,1136,0,0,1,1
Wednesday,936,30,M,63,69,65,2383,0,0,1,1
Wednesday,936,30,M,64,69,70,1898,0,0,1,1
Wednesday,936,30,M,64,69,65,1882,0,0,1,1
Wednesday,936,40,M,7,10,12,1781,0,0,1,1
Wednesday,936,40,M,2,7,7,500,0,0,1,1
Sunday,936,30,M,32,35,36,1273,0,0,1,1
Monday,936,30,M,30,36,36,1371,0,0,1,1
Tuesday,936,35,F,23,28,27,1030,0,0,1,1
Monday,936,30,F,65,69,71,2879,0,0,1,1
Thursday,936,30,F,26,29,29,4073,0,0,1,1
Saturday,936,30,M,18,21,22,2916,0,0,1,1
Tuesday,936,30,M,20,24,22,343,0,0,1,1
Tuesday,936,30,M,15,19,16,1720,0,0,1,1
Tuesday,936,30,M,16,22,19,3423,0,0,1,1
Tuesday,936,30,M,10,13,15,1217,0,0,1,1
Saturday,936,30,M,32,38,34,540,0,0,1,1
Friday,936,30,M,29,31,35,1761,0,0,1,1
Wednesday,936,30,M,65,67,68,152,0,0,1,1
Wednesday,936,30,M,65,70,70,152,0,0,1,1
Saturday,936,30,F,7,13,9,457,0,0,1,1
Saturday,936,30,F,10,15,12,1539,0,0,1,1
Friday,936,35,F,18,21,19,784,0,0,1,1
Monday,936,30,F,29,32,31,1118,0,0,1,1
Sunday,936,40,F,10,15,15,848,0,0,1,1
Sunday,936,40,F,2,4,7,87,0,0,1,1
Tuesday,936,35,F,29,31,30,810,0,0,1,1
Monday,1178,30,M,10,16,15,24362,0,0,1,1
Wednesday,1178,30,M,63,69,67,11139,0,0,1,1
Tuesday,1178,30,M,2,4,4,9370,0,0,1,1
Thursday,916,30,M,16,19,21,17861,2,1.820000023,2,0
Saturday,936,30,M,29,32,35,5374,1,1.039999962,4,0
Tuesday,936,40,M,29,33,33,7709,2,1.320000052,2,0
Saturday,936,30,F,27,33,32,57022,13,20.29000032,3,3
Sunday,936,35,F,16,19,22,104648,24,33.33000004,4,2
Saturday,936,40,F,16,22,22,20233,4,5.590000153,3,0
Friday,936,30,M,16,18,18,8032,1,0.600000024,2,0
Saturday,936,40,F,16,22,19,29466,7,10.84999967,2,0
Saturday,936,45,F,16,18,19,102695,25,39.42999983,3,0
Saturday,936,45,F,27,32,31,82827,24,47.93000031,3,0
Saturday,936,45,F,16,17,18,99078,23,35.79999948,2,0
Monday,936,30,M,16,17,18,43756,5,5.439999938,0,0
Monday,936,45,F,63,64,68,63927,16,25.52000046,2,0
Friday,936,40,M,19,25,25,19581,7,10.42999983,2,0
Thursday,936,45,M,16,17,19,59433,12,19.65999949,3,0
Wednesday,936,45,M,16,17,19,157534,33,56.19000077,2,0
Thursday,936,30,M,19,20,20,5209,1,0.959999979,2,0
Thursday,936,30,M,18,23,24,13473,3,2.619999945,3,0
Monday,936,30,M,27,28,29,56615,12,19.88000035,2,0
Tuesday,936,30,F,15,18,17,8613,1,0.889999986,2,0
Tuesday,936,45,F,29,32,31,162341,56,77.07999969,3,0
Wednesday,936,30,F,22,24,26,44699,13,17.30000037,2,0
Friday,936,30,M,20,21,24,9134,3,4.180000067,2,0
Wednesday,936,35,F,29,31,35,29035,7,8.910000086,2,2
Tuesday,936,35,M,16,19,22,6607,1,1.320000052,2,0
Friday,936,30,M,28,31,30,7780,3,4.329999924,2,2
Friday,936,35,M,16,21,19,9948,2,2.720000029,2,0
Saturday,936,30,F,28,29,33,2879,1,1.590000033,2,2
Monday,936,45,F,10,12,15,24028,9,12.39000034,2,0
Tuesday,936,35,F,16,18,18,16274,4,6.079999924,2,0
Friday,936,30,F,20,23,21,4626,2,2.099999905,2,0
Monday,1178,30,M,10,11,15,1194718,141,254.049996,28,14
Monday,1178,30,M,10,12,11,637648,67,122.4,13,5
Monday,1178,30,M,10,16,12,459690,50,86.33000112,5,2
Monday,1178,30,M,10,11,16,750060,86,161.9099991,11,2
Tuesday,1178,30,M,15,18,21,1267550,123,236.7699986,24,10
Tuesday,1178,30,M,15,20,17,3052003,340,639.9499981,60,17
Friday,1178,30,M,15,18,20,357856,30,52.97000015,7,3
Friday,1178,30,M,16,20,20,2080666,202,360.1500015,40,21
Saturday,1178,30,M,16,22,19,145999,9,16.5200001,5,2
Saturday,1178,30,M,16,17,19,32616,1,1.539999962,2,0
Saturday,1178,30,M,16,20,18,984521,95,163.8999972,26,14
Saturday,1178,30,M,18,20,22,880814,123,210.3600006,6,2
Sunday,1178,30,M,18,24,24,894911,120,215.8399994,7,4
Saturday,1178,30,M,19,21,21,410310,55,96.80000055,3,0
Saturday,1178,30,M,19,20,24,572450,89,157.329998,7,4
Friday,1178,30,M,19,21,22,345371,54,93.08999991,7,3
Friday,1178,30,M,20,21,25,399199,58,103.1500002,3,0
Saturday,1178,30,M,20,26,24,1034284,152,257.7099986,20,9
Saturday,1178,30,M,20,21,24,45923,5,7.220000148,2,0
Monday,1178,30,M,21,27,25,83591,7,14.14000046,2,2
Monday,1178,30,M,21,23,27,114923,12,23.73000026,4,2
Monday,1178,30,M,22,26,24,328991,35,67.65000057,5,2
Monday,1178,30,M,23,28,27,221695,31,52.26000011,5,2
Saturday,1178,30,M,25,31,30,570699,80,138.7699997,9,2
Saturday,1178,30,M,25,29,31,1063508,145,260.3800013,23,7
Sunday,1178,30,M,26,31,32,278225,33,60.19999957,3,0
Sunday,1178,30,M,26,28,29,26316,2,3.24000001,3,0
Sunday,1178,30,M,27,28,33,876671,120,216.5599982,22,4
Monday,1178,30,M,27,32,29,399392,53,93.07000041,5,0
Wednesday,1178,30,M,27,28,29,260699,31,54.09999871,5,2
Wednesday,1178,30,M,28,29,29,1392288,206,358.5500029,31,7
Wednesday,1178,30,M,28,30,32,1109387,159,280.9899995,13,2
Monday,1178,30,M,29,32,34,581281,65,115.1200008,10,5
Wednesday,1178,30,M,29,35,33,1048861,128,219.770002,22,8
Wednesday,1178,30,M,29,34,31,227925,22,35.30999994,22,12
Wednesday,1178,30,M,29,34,31,374175,38,63.32000101,8,3
Tuesday,1178,30,M,31,37,35,100596,10,13.91999972,4,2
Tuesday,1178,30,M,32,36,37,404866,43,87.42000079,4,0
Sunday,1178,30,M,36,40,37,24952,5,8.220000267,3,2
Tuesday,1178,30,M,63,67,64,287976,31,59.43999982,3,2
Wednesday,1178,30,M,64,66,67,447420,66,110.2399991,7,2
Wednesday,1178,30,M,64,66,69,156101,19,29.75000048,2,2
Tuesday,1178,30,M,2,4,7,63785,7,11.80000019,6,2
Tuesday,1178,30,M,2,5,5,240123,38,65.67000115,5,4
Wednesday,1178,30,M,7,13,10,1044442,142,245.5999999,22,8
Thursday,1178,30,M,7,10,13,93891,11,17.6400001,5,3
Thursday,1178,35,M,10,13,12,770749,100,189.1299984,13,3
Wednesday,1178,35,M,10,15,16,362296,39,67.77000129,7,3
Wednesday,1178,35,M,15,16,17,782894,118,192.9299995,5,2
Wednesday,1178,35,M,16,17,22,1206533,128,236.1199988,17,6
Wednesday,1178,35,M,16,19,21,84494,7,12.57000017,2,0
Wednesday,1178,35,M,18,21,19,341603,50,83.48000121,4,2
Monday,1178,35,M,19,25,23,76355,9,14.62999988,2,0
Monday,1178,35,M,20,21,21,127476,21,30.15000057,3,2
Monday,1178,35,M,20,22,24,237603,37,62.25000024,5,2
Monday,1178,35,M,22,25,25,88970,10,14.8300004,2,0
Monday,1178,35,M,22,25,23,188596,27,44.14000034,3,0
Sunday,1178,35,M,22,24,24,275080,43,69.65999997,4,3
Sunday,1178,35,M,23,27,28,140147,24,42.08000016,2,0
Tuesday,1178,35,M,25,30,29,368986,59,100.289999,0,0
Wednesday,1178,35,M,25,30,27,28194,3,3.709999919,2,0
Wednesday,1178,35,M,27,33,31,110503,25,32.67999995,4,0
Wednesday,1178,35,M,28,31,29,1447755,233,420.5799983,11,8
Tuesday,1178,35,M,28,33,32,550954,84,150.1400012,3,0
Tuesday,1178,35,M,28,34,34,378350,55,96.48000073,4,0
Tuesday,1178,35,M,29,32,33,492784,56,95.5100013,7,4
Tuesday,1178,35,M,29,34,35,327158,43,72.3100003,6,2
Tuesday,1178,35,M,29,34,30,59390,5,9.209999919,5,3
Tuesday,1178,35,M,29,33,33,1040330,147,254.2500038,13,2
Sunday,1178,35,M,32,33,33,382537,63,113.9900012,4,3
Sunday,1178,35,M,32,37,33,461356,64,121.0999982,6,3
Wednesday,1178,35,M,32,38,34,392541,53,98.70000017,3,2
Thursday,1178,35,M,63,65,68,228861,33,53.38999939,4,2
Wednesday,1178,35,M,64,70,66,133316,21,36.17000055,2,0
Wednesday,1178,35,M,65,66,71,113501,26,38.44000077,5,4
Wednesday,1178,35,M,65,71,70,192810,41,61.92999995,4,3
Wednesday,1178,35,M,2,7,7,128843,24,37.5999999,2,0
Wednesday,1178,35,M,2,5,7,63564,12,20.59000027,2,0
Friday,1178,40,M,10,12,15,463813,69,116.3399996,4,2
Friday,1178,40,M,16,20,18,1117385,147,260.0699984,11,2
Friday,1178,40,M,16,21,22,1663441,205,359.4700001,17,6
Friday,1178,40,M,16,18,17,455248,54,105.7099996,5,2
Thursday,1178,40,M,16,21,22,594267,82,143.3000009,3,2
Friday,1178,40,M,20,26,21,399035,75,124.7999995,7,3
Thursday,1178,40,M,20,21,26,304680,59,98.55000019,3,0
Thursday,1178,40,M,20,25,22,439986,80,134.8799999,4,3
Monday,1178,40,M,20,26,26,75803,11,19.3599999,2,2
Saturday,1178,40,M,22,27,25,153586,28,43.01000035,2,0
Friday,1178,40,M,27,29,32,252991,49,76.83999932,3,0
Friday,1178,40,M,29,32,34,76923,11,17.67000008,2,2
Saturday,1178,40,M,29,35,32,526209,85,126.9299996,3,2
Saturday,1178,40,M,29,33,31,172827,25,38.42000043,2,0
Monday,1178,40,M,32,33,36,400844,85,140.9700022,4,2
Sunday,1178,40,M,7,9,11,242234,48,68.06000054,2,0
Sunday,1178,45,M,10,14,11,428812,66,116.8800001,4,2
Saturday,1178,45,M,10,16,16,1177535,221,365.6600009,15,3
Wednesday,916,45,M,18,506916,89,134,2,2,15,19
Wednesday,916,45,M,18,2286228,353,603,16,7,16,20
Wednesday,916,45,M,17,1228924,190,319,6,3,16,20
Wednesday,916,45,M,17,938283,134,249,7,2,16,22
Tuesday,916,45,M,25,309823,60,103,4,4,19,25
Saturday,916,45,M,25,355165,81,129,4,3,24,26
Friday,916,45,M,34,775904,172,254,4,2,28,30
Tuesday,916,45,M,30,563074,86,143,4,2,29,34
Sunday,916,45,M,30,1026304,168,278,17,8,29,32
Sunday,916,45,M,34,1391924,258,423,17,10,29,35
Saturday,916,45,M,35,433658,82,159,5,2,32,35
Sunday,916,30,F,14,318042,46,64,8,4,10,13
Monday,916,30,F,11,213016,30,44,8,2,10,14
Monday,916,30,F,18,1117371,177,268,26,5,15,17
Tuesday,916,30,F,21,275930,30,47,5,2,16,17
Tuesday,916,30,F,21,178455,20,32,6,3,16,20
Monday,916,30,F,20,690373,91,160,5,2,18,19
Monday,916,30,F,21,764793,101,172,4,2,18,21
Monday,916,30,F,25,565565,113,170,7,4,19,20
Monday,916,30,F,21,670608,130,195,11,3,20,22
Friday,916,30,F,25,159123,25,38,5,3,21,24
Tuesday,916,30,F,23,271589,45,74,9,3,21,27
Tuesday,916,30,F,22,119772,20,33,5,2,21,25
Sunday,916,30,F,32,373110,49,76,4,2,26,30
Sunday,916,30,F,29,935646,170,256,19,6,27,33
Monday,916,30,F,31,2223278,421,612,38,13,27,28
Monday,916,30,F,29,606786,127,179,11,3,28,31
Monday,916,30,F,29,1189509,268,376,7,3,28,34
Tuesday,916,30,F,34,1705246,295,429,23,10,29,35
Wednesday,916,30,F,33,990404,153,227,12,6,29,33
Wednesday,916,30,F,34,511726,77,123,8,4,32,38
Tuesday,916,30,F,38,390339,60,105,9,6,32,34
Wednesday,916,30,F,64,1296189,212,343,14,4,63,64
Wednesday,916,30,F,67,238036,38,61,6,3,64,67
Thursday,916,35,F,13,1025327,229,314,16,2,10,15
Thursday,916,35,F,21,1020561,172,264,7,3,16,17
Friday,916,35,F,22,682143,114,177,6,2,16,17
Friday,916,35,F,18,1247717,222,343,11,4,16,18
Saturday,916,35,F,17,1184580,194,298,14,3,16,21
Sunday,916,35,F,23,244074,57,85,4,2,21,27
Thursday,916,35,F,28,720859,162,214,13,5,27,32
Wednesday,916,35,F,34,148616,25,37,6,4,29,31
Wednesday,916,35,F,34,707260,135,211,13,6,29,34
Thursday,916,35,F,68,975792,210,294,10,4,63,69
Wednesday,916,35,F,69,449588,81,124,5,2,63,65
Tuesday,916,35,F,69,222739,55,69,5,2,64,67
Wednesday,916,40,F,12,611601,138,191,8,3,10,13
Wednesday,916,40,F,14,947657,233,322,8,4,10,13
Thursday,916,40,F,21,582725,142,195,9,2,15,18
Thursday,916,40,F,21,925555,182,263,4,2,16,19
Thursday,916,40,F,26,107501,27,41,2,2,23,25
Thursday,916,40,F,30,197772,63,88,7,2,25,26
Thursday,916,40,F,27,303971,77,107,11,6,26,28
Thursday,916,40,F,29,682046,183,254,4,2,26,30
Thursday,916,40,F,28,913929,245,340,7,2,27,33
Saturday,916,40,F,32,489573,113,156,3,2,29,34
Friday,916,45,F,14,725043,179,238,5,3,10,16
Monday,916,45,F,15,1358324,346,465,8,2,10,11
Monday,916,45,F,22,1015460,247,316,9,2,16,20
Monday,916,45,F,20,791817,194,282,4,2,18,21
Sunday,916,45,F,24,685211,164,247,4,3,18,23
Sunday,916,45,F,23,32781,7,11,2,2,19,24
Sunday,916,45,F,23,719083,206,300,12,5,19,24
Sunday,916,45,F,23,368480,107,140,5,4,20,23
Sunday,916,45,F,25,260945,73,101,2,2,20,24
Thursday,916,45,F,30,1055017,265,381,16,2,27,29
Thursday,916,45,F,30,1088027,272,410,9,4,27,31
Thursday,916,45,F,30,1097966,266,369,16,8,29,32
Thursday,916,45,F,30,854940,227,298,8,3,29,30
Saturday,916,45,F,33,104347,28,38,4,3,31,32
Friday,916,30,M,103,72228,5,8,4,4,101,106
Saturday,916,30,M,110,496760,42,61,10,3,107,108
Saturday,916,30,M,111,310988,34,47,11,3,110,112
Monday,916,35,M,105,92080,12,17,3,2,103,104
Sunday,916,40,M,113,187236,24,35,2,2,110,116
Wednesday,916,45,M,115,365539,57,82,5,2,109,115
Tuesday,916,30,F,102,524306,81,114,10,4,101,102
Tuesday,916,30,F,103,104496,9,11,3,2,102,103
Tuesday,916,30,F,105,452519,68,100,7,2,103,109
Tuesday,916,30,F,108,442919,76,111,21,2,104,105
Tuesday,916,30,F,113,780967,86,120,20,4,107,109
Friday,916,30,F,114,665817,117,164,23,9,111,113
Friday,916,30,F,113,699232,80,112,12,3,112,114
Friday,916,35,F,104,975884,167,237,14,3,101,107
Friday,916,35,F,112,866355,139,201,11,5,107,111
Friday,916,35,F,110,502710,72,105,8,2,108,110
Thursday,916,35,F,114,441192,53,78,6,2,113,115
Thursday,916,40,F,102,834243,166,247,18,7,100,102
Thursday,916,40,F,106,696612,152,223,31,9,101,105
Saturday,916,40,F,111,758340,159,233,13,4,106,107
Sunday,916,40,F,110,877535,149,218,5,2,107,108
Sunday,916,40,F,115,280240,61,88,2,2,109,115
Sunday,916,40,F,116,1137635,211,301,30,10,112,115
Sunday,916,45,F,105,589270,107,158,10,4,101,105
Sunday,916,45,F,104,168714,24,36,2,2,102,104
Saturday,916,45,F,110,558666,110,163,14,5,104,107
Saturday,916,45,F,109,1118200,235,334,11,4,105,106
Saturday,916,45,F,112,877769,160,233,13,4,107,113
Saturday,916,45,F,114,1129773,252,358,13,2,109,111
Thursday,916,45,F,117,790253,135,199,8,2,113,114
Thursday,916,45,F,118,513161,114,166,5,2,114,116
Thursday,916,30,M,15,17,17,7350,1,1.429999948,2,1
Wednesday,916,35,M,16,20,22,21026,4,4.630000114,2,1
Sunday,916,40,F,15,18,20,3812,1,1.129999995,2,1
Friday,936,45,F,29,31,32,85412,28,38.63999999,2,1
Saturday,936,40,F,16,17,19,147159,36,58.16000044,3,1
Sunday,936,45,F,16,22,20,493821,116,176.3799977,4,1
Sunday,936,45,F,16,17,21,92011,27,34.39000046,2,1
Friday,936,45,F,26,30,27,111090,38,51.97000027,5,1
Saturday,936,45,F,16,17,20,83929,21,27.72999954,4,1
Monday,936,45,F,25,27,27,10194,4,4.590000033,2,1
Wednesday,936,30,M,15,18,18,33491,6,10.56999969,2,1
Wednesday,936,30,M,15,21,20,20083,2,3.200000048,2,1
Tuesday,936,30,M,10,14,16,12785,3,4.730000019,2,1
Sunday,936,30,M,28,31,33,17954,6,7.5400002,2,1
Saturday,936,30,F,16,20,20,51816,8,10.2299999,2,1
Wednesday,936,30,F,63,65,66,6175,1,1.370000005,2,1
Saturday,936,35,F,29,35,35,164754,49,67.97999978,2,1
Sunday,936,30,F,16,20,17,25267,4,4.940000057,2,1
Tuesday,936,30,M,16,22,17,12396,2,3.210000038,2,1
Saturday,936,30,F,16,18,17,20050,4,4.659999847,4,1
Friday,936,45,F,26,29,28,5307,3,4.289999962,2,1
Saturday,936,35,F,16,20,20,9297,2,2.619999886,2,1
Monday,1178,30,M,15,17,21,29945,1,1.590000033,2,1
Saturday,1178,30,M,18,19,21,182452,20,35.73000026,4,1
Friday,1178,30,M,20,22,25,323899,46,78.9200002,5,1
Friday,1178,30,M,20,24,22,171202,22,36.53000021,3,1
Saturday,1178,30,M,20,26,24,128386,15,28.85000002,2,1
Saturday,1178,30,M,21,23,22,40873,4,7.899999976,2,1
Saturday,1178,30,M,21,26,22,286553,34,62.06000042,2,1
Monday,1178,30,M,21,25,25,20618,1,2.099999905,2,1
Sunday,1178,30,M,24,27,30,187856,23,38.38999975,5,1
Sunday,1178,30,M,27,32,29,41030,3,5.140000105,2,1
Wednesday,1178,30,M,28,34,29,57781,5,7.800000072,2,1
Wednesday,1178,30,M,29,32,30,297452,30,52.01999986,4,1
Tuesday,1178,30,M,30,31,35,283170,39,65.22999996,2,1
Tuesday,1178,30,M,30,32,34,198658,30,48.60999978,8,1
Tuesday,1178,30,M,36,41,41,181683,20,34.22999972,2,1
Tuesday,1178,30,M,36,41,38,105047,13,20.2099994,3,1
Wednesday,1178,30,M,63,65,69,212175,22,38.58999968,2,1
Tuesday,1178,30,M,63,64,65,124005,11,21.84999979,4,1
Tuesday,1178,30,M,65,67,67,296413,50,76.43999958,3,1
Tuesday,1178,30,M,2,8,3,118522,14,26.81999981,2,1
Wednesday,1178,30,M,7,9,13,169108,20,32.24000025,2,1
Thursday,1178,30,M,7,11,10,185823,25,38.54999936,4,1
Thursday,1178,30,M,66,69,69,344618,51,89.76000047,3,1
Wednesday,1178,35,M,10,16,13,427729,50,96.8999989,4,1
Wednesday,1178,35,M,15,16,16,187329,29,53.15999961,2,1
Wednesday,1178,35,M,18,24,20,131060,16,28.04999959,2,1
Wednesday,1178,35,M,18,19,21,102525,13,20.29999983,2,1
Monday,1178,35,M,19,23,23,447952,68,131.5799983,8,1
Monday,1178,35,M,20,26,26,256598,38,64.46999931,6,1
Monday,1178,35,M,21,22,22,271091,42,78.03999984,3,1
Monday,1178,35,M,24,27,27,165177,23,41.71999967,4,1
Tuesday,1178,35,M,25,27,31,75804,10,17.36999965,2,1
Wednesday,1178,35,M,27,28,33,685781,103,177.8899992,10,1
Wednesday,1178,35,M,27,30,28,274222,43,66.7700001,2,1
Wednesday,1178,35,M,28,33,31,826205,125,232.3700008,5,1
Tuesday,1178,35,M,30,35,32,131091,18,34.23000026,3,1
Wednesday,1178,35,M,36,38,41,53933,6,9.929999948,3,1
Thursday,1178,35,M,64,70,65,100351,15,24.17999995,2,1
Thursday,1178,35,M,64,68,70,292448,43,76.89999968,2,1
Monday,1178,35,M,2,8,6,233404,43,70.4100008,2,1
Friday,1178,40,M,10,11,15,621591,91,163.36,5,1
Friday,1178,40,M,10,15,11,250499,36,58.14000005,3,1
Friday,1178,40,M,10,15,14,131637,18,29.30999982,2,1
Friday,1178,40,M,10,13,12,211767,35,60.89999914,5,1
Thursday,1178,40,M,19,23,25,363456,71,117.5599997,7,1
Thursday,1178,40,M,19,23,25,438983,81,143.4300001,3,1
Friday,1178,40,M,29,30,35,209332,30,49.60000014,3,1
Saturday,1178,40,M,29,35,35,741143,120,179.620001,4,1
Saturday,1178,40,M,30,35,32,123126,25,39.72999978,2,1
Sunday,1178,40,M,32,33,35,208572,36,60.76000023,2,1
Monday,1178,40,M,63,68,64,280764,49,81.36000025,2,1
Sunday,1178,40,M,65,70,70,188440,40,60.72999966,2,1
Sunday,1178,40,M,2,3,5,212496,44,74.83000135,2,1
Sunday,1178,45,M,10,16,11,464036,77,123.5500004,3,1
Sunday,1178,45,M,10,16,15,478480,75,135.7500012,3,1
Saturday,916,45,M,14,426500,72,128,4,1,10,14
Wednesday,916,45,M,19,54237,7,11,2,1,15,21
Wednesday,916,45,M,20,915451,125,221,6,1,16,21
Wednesday,916,45,M,17,159478,20,34,3,1,16,21
Wednesday,916,45,M,23,154572,26,41,1,1,18,24
Tuesday,916,45,M,22,468749,84,134,6,1,18,19
Tuesday,916,45,M,24,334945,72,120,2,1,19,23
Wednesday,916,45,M,24,415798,80,132,3,1,20,21
Wednesday,916,45,M,23,107671,20,30,1,1,20,22
Tuesday,916,45,M,22,164356,28,47,2,1,20,24
Saturday,916,45,M,29,101431,23,34,1,1,25,26
Friday,916,45,M,29,123151,24,36,2,1,25,30
Friday,916,45,M,32,145104,25,41,2,1,27,28
Tuesday,916,45,M,31,60314,11,17,2,1,28,32
Sunday,916,45,M,31,111963,17,29,2,1,29,34
Sunday,916,45,M,36,66794,9,17,1,1,31,36
Sunday,916,45,M,36,118882,19,32,2,1,31,37
Saturday,916,45,M,33,932890,197,352,3,1,32,34
Saturday,916,45,M,37,718359,147,265,4,1,32,34
Saturday,916,45,M,38,23973,3,5,1,1,36,38
Saturday,916,45,M,67,126480,25,37,1,1,63,68
Saturday,916,45,M,65,49916,10,16,1,1,64,69
Saturday,916,45,M,67,76014,16,23,1,1,65,67
Monday,916,30,F,16,182265,27,38,2,1,15,19
Monday,916,30,F,17,333345,52,78,5,1,15,17
Tuesday,916,30,F,19,740631,101,153,9,1,16,20
Tuesday,916,30,F,17,328272,35,56,2,1,16,17
Tuesday,916,30,F,19,705712,98,147,6,1,16,18
Monday,916,30,F,19,515812,69,118,3,1,18,21
Monday,916,30,F,23,87832,11,18,1,1,19,22
Monday,916,30,F,26,253758,43,62,4,1,20,26
Monday,916,30,F,21,319131,51,77,6,1,20,22
Friday,916,30,F,22,103709,15,25,3,1,21,23
Monday,916,30,F,23,26340,3,4,1,1,22,23
Tuesday,916,30,F,25,24959,3,5,1,1,24,29
Tuesday,916,30,F,27,136967,23,35,3,1,24,28
Sunday,916,30,F,30,190560,26,42,3,1,26,31
Wednesday,916,30,F,30,418016,63,96,3,1,29,31
Thursday,916,30,F,35,187468,34,51,2,1,30,35
Thursday,916,30,F,36,101856,16,25,4,1,30,36
Thursday,916,30,F,36,48935,7,10,1,1,31,35
Thursday,916,30,F,34,13911,1,2,1,1,31,33
Wednesday,916,30,F,36,149808,20,33,1,1,32,38
Wednesday,916,30,F,65,91607,12,19,2,1,63,65
Sunday,916,30,F,68,254344,35,56,2,1,64,67
Thursday,916,30,F,69,411571,60,99,6,1,64,67
Thursday,916,30,F,71,82640,16,24,1,1,65,69
Friday,916,30,F,68,17870,2,3,1,1,65,69
Friday,916,30,F,7,19178,2,3,1,1,2,8
Friday,916,30,F,4,145548,28,42,2,1,2,8
Wednesday,916,30,F,69,41672,6,11,2,1,66,72
Thursday,916,35,F,15,127865,28,38,3,1,10,16
Thursday,916,35,F,21,132803,25,37,2,1,15,21
Thursday,916,35,F,17,24664,2,3,1,1,15,18
Saturday,916,35,F,18,146406,23,33,1,1,16,21
Saturday,916,35,F,21,905699,161,235,4,1,16,17
Sunday,916,35,F,19,98057,20,31,1,1,18,22
Sunday,916,35,F,24,238735,56,85,4,1,19,22
Friday,916,35,F,28,118941,35,50,4,1,24,27
Saturday,916,35,F,27,221576,47,67,6,1,25,27
Saturday,916,35,F,31,182098,40,63,1,1,26,28
Saturday,916,35,F,28,227473,52,72,1,1,26,31
Saturday,916,35,F,32,1050947,230,351,6,1,27,30
Wednesday,916,35,F,32,139596,26,42,1,1,29,32
Wednesday,916,35,F,67,579150,125,167,5,1,63,65
Wednesday,916,35,F,64,196967,43,65,2,1,63,65
Tuesday,916,35,F,67,158298,37,46,4,1,64,70
Thursday,916,40,F,19,265038,51,78,2,1,16,20
Friday,916,40,F,18,222273,39,54,6,1,16,20
Friday,916,40,F,19,797234,170,244,4,1,16,22
Friday,916,40,F,24,22210,3,4,1,1,18,19
Friday,916,40,F,23,46391,11,16,3,1,21,25
Thursday,916,40,F,28,328365,83,117,2,1,26,27
Thursday,916,40,F,33,101586,24,33,2,1,28,31
Tuesday,916,40,F,32,181053,46,66,3,1,28,30
Tuesday,916,40,F,34,133419,35,48,2,1,28,30
Saturday,916,40,F,35,93176,29,40,1,1,30,32
Friday,916,40,F,68,597419,135,189,2,1,63,66
Friday,916,40,F,66,98768,21,33,1,1,63,69
Thursday,916,40,F,69,55823,13,21,1,1,65,68
Friday,916,40,F,68,118451,28,38,4,1,65,66
Friday,916,40,F,8,74424,22,31,1,1,2,6
Friday,916,40,F,12,47929,12,15,1,1,7,10
Sunday,916,45,F,16,382776,97,133,5,1,10,16
Sunday,916,45,F,13,548250,137,202,5,1,10,16
Monday,916,45,F,22,850337,198,288,3,1,16,21
Sunday,916,45,F,26,183293,53,74,2,1,21,27
Saturday,916,45,F,24,436943,109,146,1,1,22,24
Saturday,916,45,F,26,284488,90,125,1,1,23,26
Friday,916,45,F,26,85083,32,39,1,1,24,26
Friday,916,45,F,28,449921,129,176,5,1,25,27
Friday,916,45,F,32,669671,186,259,4,1,26,29
Wednesday,916,45,F,30,202231,53,67,3,1,28,31
Thursday,916,45,F,31,526923,138,198,2,1,29,33
Thursday,916,45,F,34,264386,66,91,4,1,29,34
Saturday,916,45,F,66,391998,97,142,3,1,63,67
Sunday,916,45,F,68,427772,117,159,3,1,63,64
Sunday,916,45,F,65,536457,136,194,2,1,64,66
Friday,916,30,M,107,49699,2,3,2,1,102,104
Saturday,916,30,M,108,189761,18,27,4,1,103,107
Saturday,916,30,M,115,51104,2,3,3,1,112,117
Wednesday,916,30,M,115,276762,22,32,5,1,113,116
Wednesday,916,35,M,103,33534,2,3,1,1,101,105
Monday,916,35,M,107,211882,33,47,3,1,105,107
Monday,916,35,M,111,145324,14,20,2,1,108,113
Monday,916,35,M,114,97540,8,12,2,1,113,116
Sunday,916,40,M,104,76703,9,12,3,1,100,104
Sunday,916,40,M,108,17559,1,1,1,1,104,108
Monday,916,40,M,108,348180,41,60,3,1,107,113
Monday,916,40,M,112,146246,18,29,3,1,108,110
Sunday,916,40,M,112,72157,9,14,1,1,111,112
Tuesday,916,40,M,116,86293,6,9,1,1,113,114
Wednesday,916,45,M,103,134245,18,26,2,1,102,107
Wednesday,916,45,M,106,50406,5,7,1,1,105,109
Wednesday,916,45,M,111,121769,13,18,2,1,107,113
Wednesday,916,45,M,113,267106,34,50,4,1,108,113
Wednesday,916,45,M,111,188758,25,37,2,1,110,114
Tuesday,916,30,F,108,173912,26,36,2,1,106,109
Sunday,916,30,F,112,623137,100,139,12,1,109,110
Sunday,916,30,F,111,99020,10,14,4,1,110,114
Friday,916,35,F,103,245607,33,48,3,1,102,106
Friday,916,35,F,111,475184,88,127,4,1,109,114
Thursday,916,35,F,111,357401,47,69,8,1,110,111
Thursday,916,35,F,114,81569,6,9,3,1,112,116
Thursday,916,35,F,116,90470,11,17,1,1,114,115
Sunday,916,40,F,112,1357386,223,323,10,1,108,113
Sunday,916,40,F,116,419922,75,105,3,1,110,116
Sunday,916,40,F,119,250234,40,62,4,1,114,118
Sunday,916,45,F,101,904907,195,279,11,1,100,106
Saturday,916,45,F,112,212508,33,48,4,1,108,112
Monday,936,45,M,18,22,23,1299,0,0,2,0
Friday,936,35,F,36,40,40,652,0,0,0,0
Friday,936,30,M,15,17,16,2474,0,0,2,2
Thursday,936,35,F,21,27,24,512,0,0,0,0
Wednesday,936,40,M,16,20,20,8022,0,0,2,1
Tuesday,936,30,F,31,37,34,2466,0,0,2,2
Tuesday,936,30,M,16,20,22,3142,0,0,2,2
Friday,936,30,M,29,32,31,1514,0,0,2,2
Tuesday,936,30,M,24,29,25,246,0,0,2,2
Monday,936,30,F,26,29,27,1083,0,0,2,1
Tuesday,936,30,F,20,23,25,529,0,0,0,0
Wednesday,916,45,M,18,250960,42,65,2,0,15,17
Tuesday,916,45,M,25,327227,65,117,5,0,19,21
Wednesday,916,45,M,26,127125,20,36,2,0,20,22
Wednesday,916,45,M,27,65339,10,17,2,0,21,27
Saturday,916,45,M,23,381577,81,128,2,0,21,24
Friday,916,45,M,30,517801,105,182,3,0,27,33
Friday,916,45,M,31,258531,46,80,2,0,27,31
Friday,916,45,M,29,272500,62,104,3,0,27,31
Friday,916,45,M,32,273197,57,88,3,0,28,31
Sunday,916,45,M,30,168655,18,27,2,0,29,30
Monday,916,30,F,23,87043,16,24,2,0,19,20
Tuesday,916,30,F,28,594968,111,148,4,0,22,27
Monday,916,30,F,28,588617,119,170,2,0,25,31
Monday,916,30,F,30,259984,37,55,5,0,27,30
Tuesday,916,30,F,32,11471,1,2,0,0,28,29
Wednesday,916,30,F,37,177452,24,38,2,0,32,38
Sunday,916,30,F,69,157705,23,39,2,0,64,66
Thursday,916,30,F,9,44189,7,10,2,0,7,10
Wednesday,916,30,F,13,221843,43,63,5,0,7,8
Wednesday,916,35,F,13,127546,25,39,2,0,10,15
Thursday,916,35,F,14,561415,124,174,3,0,10,14
Sunday,916,35,F,25,320657,77,116,2,0,19,23
Saturday,916,35,F,26,325653,63,89,2,0,22,24
Saturday,916,35,F,27,120335,26,36,2,0,25,30
Wednesday,916,35,F,31,105399,22,33,2,0,30,34
Wednesday,916,35,F,65,318157,56,86,3,0,63,68
Tuesday,916,35,F,8,128616,33,49,2,0,7,9
Wednesday,916,40,F,11,205289,48,72,3,0,10,15
Tuesday,916,40,F,14,233043,49,65,2,0,10,16
Friday,916,40,F,25,65726,17,22,2,0,22,26
Thursday,916,40,F,30,270124,69,96,2,0,25,26
Thursday,916,40,F,33,1083259,276,390,11,0,27,31
Saturday,916,40,F,31,822023,194,288,6,0,29,32
Saturday,916,40,F,34,141037,32,48,3,0,32,35
Saturday,916,40,F,37,319501,79,112,0,0,32,38
Saturday,916,40,F,37,72741,19,24,2,0,36,41
Friday,916,40,F,8,40801,12,16,0,0,7,10
Monday,916,45,F,20,662249,163,235,2,0,15,16
Monday,916,45,F,16,559554,139,195,2,0,15,16
Monday,916,45,F,21,320757,68,105,2,0,16,19
Tuesday,916,45,F,19,699314,164,226,3,0,16,22
Sunday,916,45,F,22,76785,19,25,3,0,19,23
Thursday,916,45,F,28,300637,84,117,2,0,25,29
Friday,916,45,F,31,536248,146,188,3,0,26,32
Thursday,916,45,F,28,1428421,367,542,10,0,27,30
Wednesday,916,45,F,33,288517,78,102,3,0,28,29
Thursday,916,45,F,34,348542,96,135,2,0,28,29
Friday,916,45,F,36,113567,34,50,3,0,30,33
Sunday,916,45,F,66,1111156,282,402,5,0,63,64
Sunday,916,45,F,68,179894,43,67,2,0,64,69
Sunday,916,45,F,66,479882,131,179,6,0,64,70
Saturday,916,45,F,67,346688,88,115,2,0,65,67
Saturday,916,30,M,107,312524,37,54,2,0,105,108
Monday,916,35,M,115,106492,14,21,2,0,109,113
Monday,916,35,M,111,233845,30,41,3,0,110,112
Monday,916,35,M,118,155426,17,25,3,0,112,117
Sunday,916,40,M,108,137879,19,28,2,0,105,107
Wednesday,916,45,M,106,101410,12,18,4,0,100,105
Wednesday,916,45,M,107,125650,20,30,4,0,104,105
Tuesday,916,45,M,116,138525,9,14,3,0,113,116
Tuesday,916,30,F,107,596831,86,121,11,0,105,111
Tuesday,916,30,F,111,132124,8,11,4,0,108,111
Friday,916,35,F,109,485369,114,165,3,0,106,111
Thursday,916,35,F,112,99810,14,20,2,0,111,114
Thursday,916,40,F,105,1114711,224,319,6,0,103,104
Thursday,916,40,F,107,267316,58,83,3,0,104,107
Saturday,916,40,F,106,228629,38,57,2,0,105,109
Saturday,916,45,F,116,637549,120,174,3,0,110,111
Saturday,916,45,F,117,151531,28,40,2,0,111,113
Wednesday,916,45,M,19,378171,70,109,1,0,18,19
Tuesday,916,45,M,22,68859,15,25,1,0,19,23
Wednesday,916,45,M,25,17662,2,3,1,0,20,26
Saturday,916,45,M,22,59838,7,11,1,0,21,25
Saturday,916,45,M,27,45491,8,11,1,0,22,24
Saturday,916,45,M,29,18946,2,4,1,0,23,28
Saturday,916,45,M,29,114370,18,34,1,0,23,29
Saturday,916,45,M,29,99698,21,33,1,0,23,26
Friday,916,45,M,29,24078,4,6,1,0,26,30
Friday,916,45,M,28,179950,35,59,1,0,27,31
Friday,916,45,M,33,120251,26,39,1,0,28,33
Friday,916,45,M,32,139406,24,39,1,0,28,29
Sunday,916,45,M,33,147551,22,39,1,0,29,33
Sunday,916,45,M,35,148010,24,42,1,0,31,37
Saturday,916,45,M,38,29455,3,5,1,0,32,34
Saturday,916,45,M,67,138959,28,40,1,0,63,64
Saturday,916,45,M,68,68829,12,19,1,0,63,65
Saturday,916,45,M,4,50947,10,16,1,0,2,5
Sunday,916,45,M,70,55536,11,17,1,0,66,71
Monday,916,30,F,23,23368,3,4,1,0,19,22
Monday,916,30,F,23,51509,7,12,1,0,19,24
Tuesday,916,30,F,24,6838,0,0,1,0,23,25
Tuesday,916,30,F,25,185665,39,62,1,0,24,30
Monday,916,30,F,26,107548,19,29,1,0,24,26
Monday,916,30,F,28,240497,36,52,1,0,27,33
Monday,916,30,F,34,83270,13,18,1,0,28,31
Wednesday,916,30,F,30,30155,3,4,1,0,29,31
Thursday,916,30,F,36,208301,33,55,1,0,30,36
Tuesday,916,30,F,34,8350,0,0,1,0,32,37
Wednesday,916,30,F,37,39339,4,6,1,0,36,38
Wednesday,916,30,F,64,8587,0,0,1,0,63,65
Wednesday,916,30,F,65,24893,2,4,1,0,63,67
Thursday,916,30,F,70,94136,11,16,1,0,64,69
Friday,916,30,F,7,5264,0,0,1,0,2,6
Friday,916,30,F,8,82455,15,22,1,0,2,6
Thursday,916,30,F,8,45199,7,10,1,0,7,8
Sunday,916,35,F,24,39146,8,13,1,0,21,27
Sunday,916,35,F,23,78468,15,24,1,0,22,26
Saturday,916,35,F,23,66277,12,17,1,0,22,25
Friday,916,35,F,25,93002,16,23,1,0,22,26
Friday,916,35,F,29,109723,27,41,1,0,24,25
Saturday,916,35,F,27,8341,1,2,1,0,25,29
Thursday,916,35,F,32,41111,8,11,1,0,28,31
Wednesday,916,35,F,34,222378,50,73,1,0,32,33
Tuesday,916,35,F,3,20780,5,8,1,0,2,4
Tuesday,916,40,F,15,258954,61,82,1,0,10,12
Friday,916,40,F,25,190477,42,66,1,0,21,27
Friday,916,40,F,27,25382,7,10,1,0,21,24
Thursday,916,40,F,29,195220,51,78,1,0,23,25
Thursday,916,40,F,29,138154,35,49,1,0,25,30
Saturday,916,40,F,37,47229,13,19,1,0,31,32
Saturday,916,40,F,32,92263,24,34,1,0,31,36
Saturday,916,40,F,35,81551,21,30,1,0,31,35
Thursday,916,40,F,67,173165,41,60,1,0,64,69
Friday,916,40,F,67,66017,17,24,1,0,66,71
Monday,916,45,F,19,906151,202,296,1,0,16,20
Monday,916,45,F,20,890295,227,333,1,0,18,19
Sunday,916,45,F,21,317601,76,116,1,0,18,24
Sunday,916,45,F,27,40998,10,13,1,0,21,22
Sunday,916,45,F,23,221561,55,77,1,0,22,24
Friday,916,45,F,25,14167,5,7,1,0,24,28
Friday,916,45,F,31,282899,71,106,1,0,25,31
Friday,916,45,F,30,108655,28,47,1,0,26,28
Thursday,916,45,F,32,73222,16,23,1,0,28,34
Friday,916,45,F,35,22859,6,9,1,0,30,31
Sunday,916,45,F,33,51754,13,21,1,0,31,32
Saturday,916,45,F,69,358261,91,130,1,0,64,70
Saturday,916,30,M,105,33445,2,3,1,0,100,106
Saturday,916,30,M,113,98606,9,12,1,0,111,112
Monday,916,35,M,107,128859,16,24,1,0,102,104
Monday,916,35,M,109,112776,9,13,1,0,107,110
Monday,916,35,M,120,61441,5,8,1,0,114,117
Sunday,916,40,M,105,68619,10,15,1,0,101,107
Sunday,916,40,M,112,67710,10,15,1,0,106,110
Monday,916,40,M,114,91180,10,14,1,0,112,113
Tuesday,916,45,M,114,108426,13,20,1,0,112,114
Tuesday,916,45,M,118,150858,21,30,1,0,114,117
Friday,916,35,F,102,72982,11,15,1,0,100,103
Thursday,916,40,F,106,329333,48,68,1,0,102,103
Sunday,916,40,F,115,402975,83,121,1,0,111,116
Saturday,916,45,F,104,71982,11,16,1,0,103,105
Saturday,916,45,F,108,107100,23,34,1,0,106,112
